{"metadata":{"asset_id":"0714af10-7bb5-44eb-981c-ed81c3c5734c","asset_attributes":["notebook"],"name":"Digital marketing","asset_type":"notebook","created_at":"2023-02-24T12:15:23Z","description":" data science tools ","origin_country":"us","owner_id":"IBMid-668000P7XB","project_id":"4cd9cf4e-93f4-4ce9-a97c-d1ef45ba40b1","size":1553,"tags":["notebook"],"usage":{"last_update_time":1677591800482,"last_updated_at":"2023-02-28T13:43:20Z"}},"entity":{"notebook":{"kernel":{"name":"python3","display_name":"Python 3.10","language":"python"},"originates_from":{"type":"blank"},"runtime":{"environment":"rt222pys2-4cd9cf4e-93f4-4ce9-a97c-d1ef45ba40b1"}},"location_definition":{"physical_location_code":"FRA","physical_location_code_assigned_by":"IBMid-668000P7XB","physical_location_code_rds_id":"c57cb90f-2126-3800-9c9f-9eab82021cdf","physical_location_code_rds_version":"00002023-0224-4104-8140-121074000000_3","physical_location_code_assignment_method":"INFERRED","physical_location_code_added_on":"1677240924184"}},"attachments":[{"id":"2b9495ed-16d1-4672-8ff3-71d190d4c5dd","version":2,"asset_type":"notebook","name":"attachment for notebook 0714af10-7bb5-44eb-981c-ed81c3c5734c","description":"attachment for notebook 0714af10-7bb5-44eb-981c-ed81c3c5734c","mime":"application/json","datasource_type":"193a97c1-4475-4a19-b90c-295c4fdc6517","object_key":"notebook/Digital_marketing_YwvXFqpIW.ipynb","creator_id":"IBMid-668000P7XB","create_time":1677240924185,"size":1553,"is_remote":false,"is_managed":false,"is_referenced":true,"is_object_key_read_only":false,"is_user_provided_path_key":true,"transfer_complete":true,"is_partitioned":false,"complete_time_ticks":1677240924185,"user_data":{},"test_doc":0,"handle":{"bucket":"myproject-donotdelete-pr-2yybsjumtoidhz","location":"eu-de","type":"bluemix_cos","key":"notebook/Digital_marketing_YwvXFqpIW.ipynb","upload_id":"done","max_part_num":1},"usage":{"access_count":27,"last_accessor_id":"IBMid-668000P7XB","last_access_time":1677591680945,"last_updater_id":"IBMid-668000P7XB","last_update_time":1677591680945}}]}
